measure_id,measure_name,location_id,location_name,sex_id,sex_name,age_id,age_name,cause_id,cause_name,metric_id,metric_name,year,val,upper,lower
1,Deaths,102,United States of America,3,Both,22,All ages,1029,Total cancers,1,Number,1982,463731.25805802847,476801.2582726918,440344.2073533462
1,Deaths,102,United States of America,3,Both,22,All ages,1029,Total cancers,2,Percent,1982,0.23470556807770704,0.2411352231189663,0.22295820510158953
1,Deaths,102,United States of America,3,Both,22,All ages,1029,Total cancers,3,Rate,1982,197.8169379890018,203.3922952181162,187.8405676697619
1,Deaths,102,United States of America,3,Both,27,Age-standardized,1029,Total cancers,3,Rate,1982,165.93683082971575,170.59689495849352,157.6751532545566
1,Deaths,102,United States of America,3,Both,22,All ages,1029,Total cancers,1,Number,1981,455225.239169033,467471.91810027306,433237.29060090263
1,Deaths,102,United States of America,3,Both,22,All ages,1029,Total cancers,2,Percent,1981,0.23021631888469363,0.23645970800466856,0.21897981678652467
1,Deaths,102,United States of America,3,Both,22,All ages,1029,Total cancers,3,Rate,1981,196.11400469429393,201.38995392284482,186.64145291623444
1,Deaths,102,United States of America,3,Both,27,Age-standardized,1029,Total cancers,3,Rate,1981,165.82620157796714,170.30411879415038,157.82293507014168
1,Deaths,102,United States of America,3,Both,22,All ages,1029,Total cancers,1,Number,1980,447553.9339245082,459258.66012871935,426215.21578553953
1,Deaths,102,United States of America,3,Both,22,All ages,1029,Total cancers,2,Percent,1980,0.22678938141543223,0.2326545671352195,0.21604464808922372
1,Deaths,102,United States of America,3,Both,22,All ages,1029,Total cancers,3,Rate,1980,194.7120137160359,199.80425095598662,185.4284291823821
1,Deaths,102,United States of America,3,Both,27,Age-standardized,1029,Total cancers,3,Rate,1980,166.07083857827058,170.4647131780462,158.15556277841267
1,Deaths,67,Japan,3,Both,22,All ages,1029,Total cancers,1,Number,1983,195704.61202280325,200214.11945985362,187476.65517390514
1,Deaths,67,Japan,3,Both,22,All ages,1029,Total cancers,2,Percent,1983,0.2662419339657598,0.2722474851906696,0.25523033822202856
1,Deaths,67,Japan,3,Both,22,All ages,1029,Total cancers,3,Rate,1983,160.58222468160918,164.28242739515304,153.83090900374268
1,Deaths,67,Japan,3,Both,27,Age-standardized,1029,Total cancers,3,Rate,1983,147.3863938232065,151.31264131377864,140.39058984122957
1,Deaths,190,Uganda,3,Both,22,All ages,1029,Total cancers,1,Number,1982,8279.318865061994,9805.579074702671,6811.022448247663
1,Deaths,190,Uganda,3,Both,22,All ages,1029,Total cancers,2,Percent,1982,0.035735630165862044,0.04102123021333696,0.03049542283594725
1,Deaths,190,Uganda,3,Both,22,All ages,1029,Total cancers,3,Rate,1982,59.324913966723614,70.26123096374847,48.803932709105766
1,Deaths,190,Uganda,3,Both,27,Age-standardized,1029,Total cancers,3,Rate,1982,141.81287124987648,167.44635823145376,116.76874516988809
1,Deaths,67,Japan,3,Both,22,All ages,1029,Total cancers,1,Number,1981,184165.17836897972,188267.408672825,176770.87452935416
1,Deaths,67,Japan,3,Both,22,All ages,1029,Total cancers,2,Percent,1981,0.2568293891814758,0.26253606382678796,0.24703871831981256
1,Deaths,67,Japan,3,Both,22,All ages,1029,Total cancers,3,Rate,1981,153.1031199301059,156.51345115424326,146.95596986849304
1,Deaths,67,Japan,3,Both,27,Age-standardized,1029,Total cancers,3,Rate,1981,147.854448834563,151.6589867025537,140.98270926695432
1,Deaths,102,United States of America,3,Both,22,All ages,1029,Total cancers,1,Number,1983,475364.5600920671,488769.41430955887,451144.0693171236
1,Deaths,102,United States of America,3,Both,22,All ages,1029,Total cancers,2,Percent,1983,0.23684721014638202,0.24347298494876796,0.22473208920369414
1,Deaths,102,United States of America,3,Both,22,All ages,1029,Total cancers,3,Rate,1983,200.81006192572164,206.47272555592247,190.5785077445563
1,Deaths,102,United States of America,3,Both,27,Age-standardized,1029,Total cancers,3,Rate,1983,167.05815592963515,171.74655405408336,158.74856732584138
1,Deaths,190,Uganda,3,Both,22,All ages,1029,Total cancers,1,Number,1980,7653.691144714148,9159.187926937306,6381.164316188131
1,Deaths,190,Uganda,3,Both,22,All ages,1029,Total cancers,2,Percent,1980,0.03441380885654019,0.03955304154472883,0.029601875085315036
1,Deaths,190,Uganda,3,Both,22,All ages,1029,Total cancers,3,Rate,1980,57.4600942513156,68.76261291400529,47.90659775898178
1,Deaths,190,Uganda,3,Both,27,Age-standardized,1029,Total cancers,3,Rate,1980,138.75700704053753,164.1813300742279,116.25542148379583
1,Deaths,102,United States of America,3,Both,22,All ages,1029,Total cancers,1,Number,1984,487788.76194502285,501323.98768703424,462171.7296481539
1,Deaths,102,United States of America,3,Both,22,All ages,1029,Total cancers,2,Percent,1984,0.23933273362233598,0.24607603174761505,0.2267842293817362
1,Deaths,102,United States of America,3,Both,22,All ages,1029,Total cancers,3,Rate,1984,204.0776348615194,209.74040750460387,193.36016088267954
1,Deaths,102,United States of America,3,Both,27,Age-standardized,1029,Total cancers,3,Rate,1984,168.68188085271746,173.29317611395976,160.12703334353532
1,Deaths,102,United States of America,3,Both,22,All ages,1029,Total cancers,1,Number,1985,500204.6419653043,513656.4681643401,473239.6744742196
1,Deaths,102,United States of America,3,Both,22,All ages,1029,Total cancers,2,Percent,1985,0.24103250737055887,0.2476199960468577,0.22813271361217222
1,Deaths,102,United States of America,3,Both,22,All ages,1029,Total cancers,3,Rate,1985,207.25388984282984,212.8274952661742,196.08127381100897
1,Deaths,102,United States of America,3,Both,27,Age-standardized,1029,Total cancers,3,Rate,1985,170.02719203408125,174.53081423804105,161.2716163657114
1,Deaths,102,United States of America,3,Both,22,All ages,1029,Total cancers,1,Number,1987,518383.50642489793,532537.3489749044,489762.8175949779
1,Deaths,102,United States of America,3,Both,22,All ages,1029,Total cancers,2,Percent,1987,0.24432458836197302,0.25106301052317936,0.2309831285174544
1,Deaths,102,United States of America,3,Both,22,All ages,1029,Total cancers,3,Rate,1987,210.60762752088434,216.35801726672963,198.97968161254713
1,Deaths,102,United States of America,3,Both,27,Age-standardized,1029,Total cancers,3,Rate,1987,170.61436380186848,175.10012679034813,161.70913801451042
1,Deaths,102,United States of America,3,Both,22,All ages,1029,Total cancers,1,Number,1986,509410.35174947744,523213.34258443967,481970.2017786704
1,Deaths,102,United States of America,3,Both,22,All ages,1029,Total cancers,2,Percent,1986,0.24278115596697672,0.24931392251180287,0.22961034106224093
1,Deaths,102,United States of America,3,Both,22,All ages,1029,Total cancers,3,Rate,1986,209.02662501262492,214.69041370361543,197.76709344138786
1,Deaths,102,United States of America,3,Both,27,Age-standardized,1029,Total cancers,3,Rate,1986,170.33638923616311,174.79959765811972,161.60254183372243
1,Deaths,102,United States of America,3,Both,22,All ages,1029,Total cancers,1,Number,1988,527591.748332418,542132.94087818,498649.4695783349
1,Deaths,102,United States of America,3,Both,22,All ages,1029,Total cancers,2,Percent,1988,0.24523353701412842,0.25209971178308216,0.2319046724091814
1,Deaths,102,United States of America,3,Both,22,All ages,1029,Total cancers,3,Rate,1988,212.17749275837406,218.02541169537105,200.53800036645333
1,Deaths,102,United States of America,3,Both,27,Age-standardized,1029,Total cancers,3,Rate,1988,170.88419343512265,175.41816473124922,162.10711713010713
1,Deaths,190,Uganda,3,Both,22,All ages,1029,Total cancers,1,Number,1981,7431.477237092776,8839.24690254746,6089.881832397474
1,Deaths,190,Uganda,3,Both,22,All ages,1029,Total cancers,2,Percent,1981,0.032625610421911165,0.03768425234024659,0.02793808864248576
1,Deaths,190,Uganda,3,Both,22,All ages,1029,Total cancers,3,Rate,1981,54.514886694115155,64.84182457675043,44.67338154743169
1,Deaths,190,Uganda,3,Both,27,Age-standardized,1029,Total cancers,3,Rate,1981,133.04085102204965,157.5222836367724,110.96320995437391
1,Deaths,67,Japan,3,Both,22,All ages,1029,Total cancers,1,Number,1980,179805.40994812842,183697.25450640987,173346.41471473966
1,Deaths,67,Japan,3,Both,22,All ages,1029,Total cancers,2,Percent,1980,0.2516252319509013,0.25718455319779177,0.2425999546715677
1,Deaths,67,Japan,3,Both,22,All ages,1029,Total cancers,3,Rate,1980,150.50575716248548,153.76341783115961,145.09926817869737
1,Deaths,67,Japan,3,Both,27,Age-standardized,1029,Total cancers,3,Rate,1980,148.83000898244487,152.60674977224497,142.32080399535496
1,Deaths,67,Japan,3,Both,22,All ages,1029,Total cancers,1,Number,1982,187979.1656164255,192223.22334776682,180608.06474195857
1,Deaths,67,Japan,3,Both,22,All ages,1029,Total cancers,2,Percent,1982,0.26243378559251135,0.2683725550994577,0.2519376328766274
1,Deaths,67,Japan,3,Both,22,All ages,1029,Total cancers,3,Rate,1982,155.2334336989211,158.73818196340082,149.146369235514
1,Deaths,67,Japan,3,Both,27,Age-standardized,1029,Total cancers,3,Rate,1982,146.10412411249078,149.97114143360625,139.44431649709114
1,Deaths,190,Uganda,3,Both,22,All ages,1029,Total cancers,1,Number,1983,8415.968273153716,9992.053064292984,6940.6162613953375
1,Deaths,190,Uganda,3,Both,22,All ages,1029,Total cancers,2,Percent,1983,0.03578334462359389,0.04129666655917813,0.03041301966169933
1,Deaths,190,Uganda,3,Both,22,All ages,1029,Total cancers,3,Rate,1983,58.87228252285507,69.89747963533846,48.55174213607985
1,Deaths,190,Uganda,3,Both,27,Age-standardized,1029,Total cancers,3,Rate,1983,140.8531210642621,167.0342358144257,115.69105518036255
1,Deaths,190,Uganda,3,Both,22,All ages,1029,Total cancers,1,Number,1984,8576.808266373831,10241.474920959961,7015.073552322474
1,Deaths,190,Uganda,3,Both,22,All ages,1029,Total cancers,2,Percent,1984,0.0353257203045612,0.04105691420129538,0.029708047872487903
1,Deaths,190,Uganda,3,Both,22,All ages,1029,Total cancers,3,Rate,1984,58.53885888882185,69.90062463701962,47.87962934698223
1,Deaths,190,Uganda,3,Both,27,Age-standardized,1029,Total cancers,3,Rate,1984,140.43517556909714,167.44535317397975,115.1683724931066
1,Deaths,67,Japan,3,Both,22,All ages,1029,Total cancers,1,Number,1985,207822.9426389639,212831.51873716287,198733.68060727802
1,Deaths,67,Japan,3,Both,22,All ages,1029,Total cancers,2,Percent,1985,0.2777817155150014,0.28439419868046933,0.2654540956643699
1,Deaths,67,Japan,3,Both,22,All ages,1029,Total cancers,3,Rate,1985,168.58254867335032,172.64542312376966,161.20948899377754
1,Deaths,67,Japan,3,Both,27,Age-standardized,1029,Total cancers,3,Rate,1985,147.153202661521,151.23988755170467,139.7717907287704
1,Deaths,102,United States of America,3,Both,22,All ages,1029,Total cancers,1,Number,1989,533785.5802005507,549274.5203995237,504807.7807989025
1,Deaths,102,United States of America,3,Both,22,All ages,1029,Total cancers,2,Percent,1989,0.24821644182298955,0.2553206210037556,0.23464836709607897
1,Deaths,102,United States of America,3,Both,22,All ages,1029,Total cancers,3,Rate,1989,212.3983724681964,218.56156947378608,200.8678297579426
1,Deaths,102,United States of America,3,Both,27,Age-standardized,1029,Total cancers,3,Rate,1989,170.25444307545877,174.94516472961905,161.57410600762086
1,Deaths,102,United States of America,3,Both,22,All ages,1029,Total cancers,1,Number,1990,540061.975221494,556391.9348013203,509761.7388257009
1,Deaths,102,United States of America,3,Both,22,All ages,1029,Total cancers,2,Percent,1990,0.2519239965758757,0.2593127581866849,0.23784195282141413
1,Deaths,102,United States of America,3,Both,22,All ages,1029,Total cancers,3,Rate,1990,212.5437747902111,218.97050248168466,200.61898297727828
1,Deaths,102,United States of America,3,Both,27,Age-standardized,1029,Total cancers,3,Rate,1990,169.26483528111348,174.07752657110447,160.49273314060974
1,Deaths,67,Japan,3,Both,22,All ages,1029,Total cancers,1,Number,1984,202137.32508094507,206599.47092059857,193604.98022257953
1,Deaths,67,Japan,3,Both,22,All ages,1029,Total cancers,2,Percent,1984,0.2724157348483229,0.2787250193359364,0.26068559357407156
1,Deaths,67,Japan,3,Both,22,All ages,1029,Total cancers,3,Rate,1984,164.8720698383697,168.5115917337433,157.9127150689813
1,Deaths,67,Japan,3,Both,27,Age-standardized,1029,Total cancers,3,Rate,1984,147.794360736481,151.58348281632664,140.6455694474632
1,Deaths,67,Japan,3,Both,22,All ages,1029,Total cancers,1,Number,1986,213291.86071522685,218461.76468216913,203444.58942198768
1,Deaths,67,Japan,3,Both,22,All ages,1029,Total cancers,2,Percent,1986,0.28375216641239587,0.29072891030588055,0.2707825522943399
1,Deaths,67,Japan,3,Both,22,All ages,1029,Total cancers,3,Rate,1986,172.15959510125307,176.33250901684525,164.21132068978957
1,Deaths,67,Japan,3,Both,27,Age-standardized,1029,Total cancers,3,Rate,1986,146.1937636154401,150.23251868436807,138.7593004086541
1,Deaths,190,Uganda,3,Both,22,All ages,1029,Total cancers,1,Number,1985,8529.473048974192,10219.637653864558,6991.465896197297
1,Deaths,190,Uganda,3,Both,22,All ages,1029,Total cancers,2,Percent,1985,0.03416210675314695,0.04013319938927936,0.028516591746168118
1,Deaths,190,Uganda,3,Both,22,All ages,1029,Total cancers,3,Rate,1985,56.76318625837274,68.01114116998815,46.52783104023483
1,Deaths,190,Uganda,3,Both,27,Age-standardized,1029,Total cancers,3,Rate,1985,137.6812191948869,165.46762802010963,114.26790859849524
1,Deaths,102,United States of America,3,Both,22,All ages,1029,Total cancers,1,Number,1991,548939.32433713,565497.9084744131,516688.88931735465
1,Deaths,102,United States of America,3,Both,22,All ages,1029,Total cancers,2,Percent,1991,0.2537650145752033,0.2615666604732372,0.23919217249411326
1,Deaths,102,United States of America,3,Both,22,All ages,1029,Total cancers,3,Rate,1991,213.6971931455083,220.1433025709425,201.1423858363947
1,Deaths,102,United States of America,3,Both,27,Age-standardized,1029,Total cancers,3,Rate,1991,169.1912829493597,173.97227936263627,160.07616159301824
1,Deaths,102,United States of America,3,Both,22,All ages,1029,Total cancers,1,Number,1992,555379.8776579363,572765.0708826665,522306.54485792306
1,Deaths,102,United States of America,3,Both,22,All ages,1029,Total cancers,2,Percent,1992,0.25464810164487867,0.2626973599108909,0.23953687472928303
1,Deaths,102,United States of America,3,Both,22,All ages,1029,Total cancers,3,Rate,1992,213.8844405438824,220.57971791385054,201.14744453912405
1,Deaths,102,United States of America,3,Both,27,Age-standardized,1029,Total cancers,3,Rate,1992,168.2364909167591,173.21536920586217,159.10564655964896
1,Deaths,102,United States of America,3,Both,22,All ages,1029,Total cancers,1,Number,1994,574503.5201845116,592213.3949541734,538587.8223686762
1,Deaths,102,United States of America,3,Both,22,All ages,1029,Total cancers,2,Percent,1994,0.25181021397561876,0.2595964266313177,0.23610583479924602
1,Deaths,102,United States of America,3,Both,22,All ages,1029,Total cancers,3,Rate,1994,216.76313667197928,223.44516362267044,203.2119589318967
1,Deaths,102,United States of America,3,Both,27,Age-standardized,1029,Total cancers,3,Rate,1994,168.53704817031428,173.30425274516787,159.0424418352614
1,Deaths,190,Uganda,3,Both,22,All ages,1029,Total cancers,1,Number,1987,8495.790305842349,10354.618011508788,6942.030521330993
1,Deaths,190,Uganda,3,Both,22,All ages,1029,Total cancers,2,Percent,1987,0.033063579455270393,0.03941809098323057,0.02739235797198733
1,Deaths,190,Uganda,3,Both,22,All ages,1029,Total cancers,3,Rate,1987,53.62045065295391,65.35228202778075,43.81402925450638
1,Deaths,190,Uganda,3,Both,27,Age-standardized,1029,Total cancers,3,Rate,1987,132.7182625524117,160.34498614576052,107.57756131468936
1,Deaths,190,Uganda,3,Both,22,All ages,1029,Total cancers,1,Number,1986,8485.748347456623,10298.664699457839,6912.985352174745
1,Deaths,190,Uganda,3,Both,22,All ages,1029,Total cancers,2,Percent,1986,0.032772541100519345,0.03870003162806166,0.027232805794757828
1,Deaths,190,Uganda,3,Both,22,All ages,1029,Total cancers,3,Rate,1986,55.02443511618173,66.77999209209115,44.826112959602845
1,Deaths,190,Uganda,3,Both,27,Age-standardized,1029,Total cancers,3,Rate,1986,135.11359163177397,163.16893369011473,111.49186024058385
1,Deaths,102,United States of America,3,Both,22,All ages,1029,Total cancers,1,Number,1997,579428.8936730224,598109.9534523925,541344.1328797904
1,Deaths,102,United States of America,3,Both,22,All ages,1029,Total cancers,2,Percent,1997,0.25158574184906435,0.259670658560164,0.23496491055979196
1,Deaths,102,United States of America,3,Both,22,All ages,1029,Total cancers,3,Rate,1997,212.3097666223075,219.15473325293888,198.35504885767995
1,Deaths,102,United States of America,3,Both,27,Age-standardized,1029,Total cancers,3,Rate,1997,162.01367380800417,166.73651673803397,152.49717636771356
1,Deaths,67,Japan,3,Both,22,All ages,1029,Total cancers,1,Number,1988,227639.94026238436,233912.10247848384,215939.52247317292
1,Deaths,67,Japan,3,Both,22,All ages,1029,Total cancers,2,Percent,1988,0.29110295197975533,0.2988261482673711,0.2764929801387457
1,Deaths,67,Japan,3,Both,22,All ages,1029,Total cancers,3,Rate,1988,182.1645560155641,187.18373518085647,172.80151801216454
1,Deaths,67,Japan,3,Both,27,Age-standardized,1029,Total cancers,3,Rate,1988,145.938080193909,150.4054127518932,137.59503851991425
1,Deaths,102,United States of America,3,Both,22,All ages,1029,Total cancers,1,Number,1995,581809.1562086114,599883.2162779984,545034.362978593
1,Deaths,102,United States of America,3,Both,22,All ages,1029,Total cancers,2,Percent,1995,0.25169007360296475,0.2595890086156213,0.23575154645294563
1,Deaths,102,United States of America,3,Both,22,All ages,1029,Total cancers,3,Rate,1995,217.37098480969513,224.12367371956768,203.6314742927519
1,Deaths,102,United States of America,3,Both,27,Age-standardized,1029,Total cancers,3,Rate,1995,167.89550174201602,172.64581319588362,158.3939157574975
1,Deaths,67,Japan,3,Both,22,All ages,1029,Total cancers,1,Number,1987,219857.93235329998,225601.98399549164,209523.3334561286
1,Deaths,67,Japan,3,Both,22,All ages,1029,Total cancers,2,Percent,1987,0.290329438667711,0.2978556985068162,0.27635117459757197
1,Deaths,67,Japan,3,Both,22,All ages,1029,Total cancers,3,Rate,1987,176.65309455255513,181.26836809307147,168.34937379704894
1,Deaths,67,Japan,3,Both,27,Age-standardized,1029,Total cancers,3,Rate,1987,145.65585246556506,149.9035565192272,137.81650238449868
1,Deaths,67,Japan,3,Both,22,All ages,1029,Total cancers,1,Number,1990,242047.0239880933,248862.61724757138,228494.81136317208
1,Deaths,67,Japan,3,Both,22,All ages,1029,Total cancers,2,Percent,1990,0.29758391032118997,0.3062359270836927,0.2809397229605072
1,Deaths,67,Japan,3,Both,22,All ages,1029,Total cancers,3,Rate,1990,192.36292497773005,197.7795065710496,181.59252500545765
1,Deaths,67,Japan,3,Both,27,Age-standardized,1029,Total cancers,3,Rate,1990,145.421743708466,149.86280801134717,136.63273728573563
1,Deaths,190,Uganda,3,Both,22,All ages,1029,Total cancers,1,Number,1989,9168.564897524495,11160.70925155843,7451.959312459416
1,Deaths,190,Uganda,3,Both,22,All ages,1029,Total cancers,2,Percent,1989,0.033048414161554386,0.03960998119189859,0.027340212385548745
1,Deaths,190,Uganda,3,Both,22,All ages,1029,Total cancers,3,Rate,1989,54.64421620728501,66.51730300054582,44.413327536992064
1,Deaths,190,Uganda,3,Both,27,Age-standardized,1029,Total cancers,3,Rate,1989,136.43830696039961,164.86526905933567,111.29802064532852
1,Deaths,102,United States of America,3,Both,22,All ages,1029,Total cancers,1,Number,1999,592209.9845587376,611214.0138993403,551975.3334300627
1,Deaths,102,United States of America,3,Both,22,All ages,1029,Total cancers,2,Percent,1999,0.2497583840098685,0.2578938029335064,0.2326299673887072
1,Deaths,102,United States of America,3,Both,22,All ages,1029,Total cancers,3,Rate,1999,212.77952713770944,219.6076260928754,198.3233202770815
1,Deaths,102,United States of America,3,Both,27,Age-standardized,1029,Total cancers,3,Rate,1999,160.32161963135704,164.92767012723036,150.50513451084137
1,Deaths,190,Uganda,3,Both,22,All ages,1029,Total cancers,1,Number,1991,10294.69687479777,12439.53607726687,8436.426544190832
1,Deaths,190,Uganda,3,Both,22,All ages,1029,Total cancers,2,Percent,1991,0.0342237203630558,0.04069621484964629,0.028520615194216718
1,Deaths,190,Uganda,3,Both,22,All ages,1029,Total cancers,3,Rate,1991,57.71279370810231,69.73691291574838,47.29519972272213
1,Deaths,190,Uganda,3,Both,27,Age-standardized,1029,Total cancers,3,Rate,1991,145.6501876695848,176.63897176817093,119.8250934781098
1,Deaths,102,United States of America,3,Both,22,All ages,1029,Total cancers,1,Number,1998,582989.9601464896,602340.342427585,544224.6730241324
1,Deaths,102,United States of America,3,Both,22,All ages,1029,Total cancers,2,Percent,1998,0.2507472397547704,0.25889460401094444,0.2339556550808072
1,Deaths,102,United States of America,3,Both,22,All ages,1029,Total cancers,3,Rate,1998,211.53239659402823,218.5534999041132,197.4667785727723
1,Deaths,102,United States of America,3,Both,27,Age-standardized,1029,Total cancers,3,Rate,1998,160.22154050119218,164.99233651900514,150.7439687158546
1,Deaths,102,United States of America,3,Both,22,All ages,1029,Total cancers,1,Number,2000,596474.521984746,616577.7992180053,553996.6619845115
1,Deaths,102,United States of America,3,Both,22,All ages,1029,Total cancers,2,Percent,2000,0.24961162399710043,0.2580134534632714,0.23205136040823043
1,Deaths,102,United States of America,3,Both,22,All ages,1029,Total cancers,3,Rate,2000,212.22226397610805,219.3748964030312,197.10888144953546
1,Deaths,102,United States of America,3,Both,27,Age-standardized,1029,Total cancers,3,Rate,2000,158.84071346815384,163.65989758150434,148.78343604845176
1,Deaths,67,Japan,3,Both,22,All ages,1029,Total cancers,1,Number,1989,235348.14474035456,242024.00136093737,222916.26657023135
1,Deaths,67,Japan,3,Both,22,All ages,1029,Total cancers,2,Percent,1989,0.2963433142784559,0.3045423991738265,0.28064002319169773
1,Deaths,67,Japan,3,Both,22,All ages,1029,Total cancers,3,Rate,1989,187.66060473115533,192.98376243821602,177.7477423292732
1,Deaths,67,Japan,3,Both,27,Age-standardized,1029,Total cancers,3,Rate,1989,146.22848004399498,150.803951107096,137.828320921106
1,Deaths,102,United States of America,3,Both,22,All ages,1029,Total cancers,1,Number,2003,605183.2715108213,625686.6353798499,560641.0791730814
1,Deaths,102,United States of America,3,Both,22,All ages,1029,Total cancers,2,Percent,2003,0.24885053206958002,0.2574013760560284,0.2305324090011341
1,Deaths,102,United States of America,3,Both,22,All ages,1029,Total cancers,3,Rate,2003,209.20587768429553,216.2936879983384,193.80808187487693
1,Deaths,102,United States of America,3,Both,27,Age-standardized,1029,Total cancers,3,Rate,2003,153.28815033971955,157.9283709175688,143.2339022957783
1,Deaths,102,United States of America,3,Both,22,All ages,1029,Total cancers,1,Number,2001,600741.1985423454,621125.7933230681,557991.6171652698
1,Deaths,102,United States of America,3,Both,22,All ages,1029,Total cancers,2,Percent,2001,0.24906311175762763,0.2574188649487507,0.23135440642453797
1,Deaths,102,United States of America,3,Both,22,All ages,1029,Total cancers,3,Rate,2001,211.68825110092533,218.8713429697742,196.62421996910328
1,Deaths,102,United States of America,3,Both,27,Age-standardized,1029,Total cancers,3,Rate,2001,157.59996542359374,162.41328393067823,147.52469698809367
1,Deaths,67,Japan,3,Both,22,All ages,1029,Total cancers,1,Number,1991,249948.1261000637,257125.41349620355,235602.78537698893
1,Deaths,67,Japan,3,Both,22,All ages,1029,Total cancers,2,Percent,1991,0.3005056092049815,0.30921587219545543,0.2833871446855421
1,Deaths,67,Japan,3,Both,22,All ages,1029,Total cancers,3,Rate,1991,198.02541096350015,203.71173199498796,186.6600847399259
1,Deaths,67,Japan,3,Both,27,Age-standardized,1029,Total cancers,3,Rate,1991,145.27785944925853,149.75806083203938,136.27949422087525
1,Deaths,190,Uganda,3,Both,22,All ages,1029,Total cancers,1,Number,1990,9617.203904297765,11681.192899935493,7810.596020567404
1,Deaths,190,Uganda,3,Both,22,All ages,1029,Total cancers,2,Percent,1990,0.0332367451739445,0.039670468127161074,0.027496098886681954
1,Deaths,190,Uganda,3,Both,22,All ages,1029,Total cancers,3,Rate,1990,55.619954667450465,67.55678948075686,45.17165289545242
1,Deaths,190,Uganda,3,Both,27,Age-standardized,1029,Total cancers,3,Rate,1990,140.02852797457626,170.0905736486062,115.3229846283426
1,Deaths,190,Uganda,3,Both,22,All ages,1029,Total cancers,1,Number,1988,8438.132767980298,10356.01231221574,6766.097019485548
1,Deaths,190,Uganda,3,Both,22,All ages,1029,Total cancers,2,Percent,1988,0.031708284829144825,0.03808628079266943,0.02586684930919343
1,Deaths,190,Uganda,3,Both,22,All ages,1029,Total cancers,3,Rate,1988,51.77529548400454,63.54315726526506,41.51589955856501
1,Deaths,190,Uganda,3,Both,27,Age-standardized,1029,Total cancers,3,Rate,1988,129.88856349600633,157.21941458530392,103.8274518885957
1,Deaths,67,Japan,3,Both,22,All ages,1029,Total cancers,1,Number,1992,258144.26986297124,265699.17129333765,243359.02970781285
1,Deaths,67,Japan,3,Both,22,All ages,1029,Total cancers,2,Percent,1992,0.30268044322598225,0.31163766807411053,0.2849624897007144
1,Deaths,67,Japan,3,Both,22,All ages,1029,Total cancers,3,Rate,1992,203.91715703826762,209.8850370233723,192.23778046264843
1,Deaths,67,Japan,3,Both,27,Age-standardized,1029,Total cancers,3,Rate,1992,145.0346355348067,149.5234879764714,136.32724621975856
1,Deaths,102,United States of America,3,Both,22,All ages,1029,Total cancers,1,Number,2004,602943.4091290651,624581.6138299103,557742.2597343583
1,Deaths,102,United States of America,3,Both,22,All ages,1029,Total cancers,2,Percent,2004,0.25072512383139633,0.2596066317906661,0.23193170698661084
1,Deaths,102,United States of America,3,Both,22,All ages,1029,Total cancers,3,Rate,2004,206.41733594270744,213.8251631140554,190.9427479493151
1,Deaths,102,United States of America,3,Both,27,Age-standardized,1029,Total cancers,3,Rate,2004,150.04466385634507,154.88258679737547,140.00011449979695
1,Deaths,102,United States of America,3,Both,22,All ages,1029,Total cancers,1,Number,2005,607123.7252213665,629081.1145496006,560960.2497489894
1,Deaths,102,United States of America,3,Both,22,All ages,1029,Total cancers,2,Percent,2005,0.24996825367696313,0.2589898216702189,0.23100639968684755
1,Deaths,102,United States of America,3,Both,22,All ages,1029,Total cancers,3,Rate,2005,205.8158986175433,213.2594881663425,190.16640775932999
1,Deaths,102,United States of America,3,Both,27,Age-standardized,1029,Total cancers,3,Rate,2005,148.0789398227713,152.90583822587857,137.97687809725755
1,Deaths,67,Japan,3,Both,22,All ages,1029,Total cancers,1,Number,1994,271696.682560698,280676.3332252071,254619.0977750384
1,Deaths,67,Japan,3,Both,22,All ages,1029,Total cancers,2,Percent,1994,0.30917411872039974,0.31921436295512406,0.28971799204321014
1,Deaths,67,Japan,3,Both,22,All ages,1029,Total cancers,3,Rate,1994,213.42611059122072,220.47990270134673,200.01114186674667
1,Deaths,67,Japan,3,Both,27,Age-standardized,1029,Total cancers,3,Rate,1994,143.27372924543477,148.14872564330048,134.0207996259073
1,Deaths,102,United States of America,3,Both,22,All ages,1029,Total cancers,1,Number,2006,612576.458609245,635336.1402033232,565314.9358134132
1,Deaths,102,United States of America,3,Both,22,All ages,1029,Total cancers,2,Percent,2006,0.25236540747405023,0.2617189839278278,0.2328650816780978
1,Deaths,102,United States of America,3,Both,22,All ages,1029,Total cancers,3,Rate,2006,205.62013493899198,213.25975075310237,189.75612227881876
1,Deaths,102,United States of America,3,Both,27,Age-standardized,1029,Total cancers,3,Rate,2006,146.52402147242864,151.41273356735852,136.37620216268078
1,Deaths,102,United States of America,3,Both,22,All ages,1029,Total cancers,1,Number,2007,615223.1682758592,638417.0755575873,567506.2251065939
1,Deaths,102,United States of America,3,Both,22,All ages,1029,Total cancers,2,Percent,2007,0.25369743222002866,0.26353221766504276,0.23380907147707625
1,Deaths,102,United States of America,3,Both,22,All ages,1029,Total cancers,3,Rate,2007,204.47075229808848,212.1792976116821,188.61192290041214
1,Deaths,102,United States of America,3,Both,27,Age-standardized,1029,Total cancers,3,Rate,2007,143.95999755522675,148.8597178824952,133.94225158514595
1,Deaths,67,Japan,3,Both,22,All ages,1029,Total cancers,1,Number,1995,285184.50543478003,294848.3302667336,266973.64957498095
1,Deaths,67,Japan,3,Both,22,All ages,1029,Total cancers,2,Percent,1995,0.31414828703957753,0.32469978257596543,0.29383719071452147
1,Deaths,67,Japan,3,Both,22,All ages,1029,Total cancers,3,Rate,1995,223.44513739787283,231.01684843481314,209.17673532069125
1,Deaths,67,Japan,3,Both,27,Age-standardized,1029,Total cancers,3,Rate,1995,145.5694689833334,150.57629329349896,136.16386783204524
1,Deaths,190,Uganda,3,Both,22,All ages,1029,Total cancers,1,Number,1992,10691.821030488114,12788.620425860778,8827.276842231562
1,Deaths,190,Uganda,3,Both,22,All ages,1029,Total cancers,2,Percent,1992,0.03460593617606294,0.040973902042060625,0.02887270165109297
1,Deaths,190,Uganda,3,Both,22,All ages,1029,Total cancers,3,Rate,1992,58.03333510572947,69.41439560180076,47.91291526443393
1,Deaths,190,Uganda,3,Both,27,Age-standardized,1029,Total cancers,3,Rate,1992,148.3877277577739,178.07639188943568,124.22716758298719
1,Deaths,190,Uganda,3,Both,22,All ages,1029,Total cancers,1,Number,1994,11969.886382709637,14281.537970681064,10066.668545483533
1,Deaths,190,Uganda,3,Both,22,All ages,1029,Total cancers,2,Percent,1994,0.03683247226275693,0.04338149841682881,0.03143303792734972
1,Deaths,190,Uganda,3,Both,22,All ages,1029,Total cancers,3,Rate,1994,60.73949050368873,72.46963857579124,51.08188156283617
1,Deaths,190,Uganda,3,Both,27,Age-standardized,1029,Total cancers,3,Rate,1994,158.78537658816322,187.68305372758564,133.7975699543495
1,Deaths,102,United States of America,3,Both,22,All ages,1029,Total cancers,1,Number,2008,620750.7473992292,644986.4882419865,570669.6510344921
1,Deaths,102,United States of America,3,Both,22,All ages,1029,Total cancers,2,Percent,2008,0.25407950879457486,0.26410615219606115,0.2338686039375983
1,Deaths,102,United States of America,3,Both,22,All ages,1029,Total cancers,3,Rate,2008,204.3284493949243,212.30596914352788,187.84358359801968
1,Deaths,102,United States of America,3,Both,27,Age-standardized,1029,Total cancers,3,Rate,2008,141.9032768217335,146.87109933578105,131.54391106077537
1,Deaths,190,Uganda,3,Both,22,All ages,1029,Total cancers,1,Number,1997,13306.359192389598,15494.706045975337,11183.86626120355
1,Deaths,190,Uganda,3,Both,22,All ages,1029,Total cancers,2,Percent,1997,0.03860062410998721,0.04516097896326353,0.0332217049793373
1,Deaths,190,Uganda,3,Both,22,All ages,1029,Total cancers,3,Rate,1997,60.81427013710628,70.81570740356487,51.11380612475107
1,Deaths,190,Uganda,3,Both,27,Age-standardized,1029,Total cancers,3,Rate,1997,165.99497642976232,192.14844780226213,142.27022974633985
1,Deaths,190,Uganda,3,Both,22,All ages,1029,Total cancers,1,Number,1995,12486.929648508489,14862.486327793285,10556.075929341296
1,Deaths,190,Uganda,3,Both,22,All ages,1029,Total cancers,2,Percent,1995,0.03758794317663443,0.04413744032284569,0.03215510638519403
1,Deaths,190,Uganda,3,Both,22,All ages,1029,Total cancers,3,Rate,1995,61.20465889212826,72.84844486091595,51.74058352862674
1,Deaths,190,Uganda,3,Both,27,Age-standardized,1029,Total cancers,3,Rate,1995,162.41995682077032,191.55677326897802,138.62696250500434
1,Deaths,102,United States of America,3,Both,22,All ages,1029,Total cancers,1,Number,2009,628396.415685838,653717.7021730982,578086.5721703073
1,Deaths,102,United States of America,3,Both,22,All ages,1029,Total cancers,2,Percent,2009,0.2566957613361251,0.26712179913349976,0.2361460670705944
1,Deaths,102,United States of America,3,Both,22,All ages,1029,Total cancers,3,Rate,2009,204.9521117416136,213.21067434323876,188.5435065801018
1,Deaths,102,United States of America,3,Both,27,Age-standardized,1029,Total cancers,3,Rate,2009,140.56562715597875,145.65895675556305,130.37294308678966
1,Deaths,67,Japan,3,Both,22,All ages,1029,Total cancers,1,Number,1998,309638.38591654866,321668.1129009249,286104.44405288494
1,Deaths,67,Japan,3,Both,22,All ages,1029,Total cancers,2,Percent,1998,0.3292806119346686,0.34190175893899144,0.30418928700100567
1,Deaths,67,Japan,3,Both,22,All ages,1029,Total cancers,3,Rate,1998,240.94047399575274,250.30122593571505,222.6278894922674
1,Deaths,67,Japan,3,Both,27,Age-standardized,1029,Total cancers,3,Rate,1998,143.0627981174702,148.48656380918962,132.5423320514891
1,Deaths,102,United States of America,3,Both,22,All ages,1029,Total cancers,1,Number,2010,628034.0495859621,654199.8652650353,577231.2555253234
1,Deaths,102,United States of America,3,Both,22,All ages,1029,Total cancers,2,Percent,2010,0.25592304656604,0.2666500670896644,0.2352794627746279
1,Deaths,102,United States of America,3,Both,22,All ages,1029,Total cancers,3,Rate,2010,203.0422732440742,211.5016341660925,186.6178217353972
1,Deaths,102,United States of America,3,Both,27,Age-standardized,1029,Total cancers,3,Rate,2010,137.08140097091848,142.2314148111406,127.02209882508734
1,Deaths,190,Uganda,3,Both,22,All ages,1029,Total cancers,1,Number,1999,14212.863591209914,16746.175367004464,12042.772516777562
1,Deaths,190,Uganda,3,Both,22,All ages,1029,Total cancers,2,Percent,1999,0.04035810963129426,0.04730340239308718,0.034917091204912674
1,Deaths,190,Uganda,3,Both,22,All ages,1029,Total cancers,3,Rate,1999,60.60790621777417,71.41070619839851,51.35398806967012
1,Deaths,190,Uganda,3,Both,27,Age-standardized,1029,Total cancers,3,Rate,1999,170.13085495439068,196.7496281207172,144.79495085990848
1,Deaths,102,United States of America,3,Both,22,All ages,1029,Total cancers,1,Number,2011,637356.8301369287,664168.1601755029,585797.3192498996
1,Deaths,102,United States of America,3,Both,22,All ages,1029,Total cancers,2,Percent,2011,0.2547586638559677,0.26543630833634074,0.2341556483528073
1,Deaths,102,United States of America,3,Both,22,All ages,1029,Total cancers,3,Rate,2011,204.33141449650896,212.92690878208458,187.801854770866
1,Deaths,102,United States of America,3,Both,27,Age-standardized,1029,Total cancers,3,Rate,2011,135.99139575148658,141.12306047197265,125.99692019420405
1,Deaths,67,Japan,3,Both,22,All ages,1029,Total cancers,1,Number,2000,322557.9003136496,336249.98388328345,295669.9969919203
1,Deaths,67,Japan,3,Both,22,All ages,1029,Total cancers,2,Percent,2000,0.3342517214511504,0.3483292565369886,0.306165241965162
1,Deaths,67,Japan,3,Both,22,All ages,1029,Total cancers,3,Rate,2000,250.06728567439544,260.6822548633563,229.22208239584504
1,Deaths,67,Japan,3,Both,27,Age-standardized,1029,Total cancers,3,Rate,2000,139.7952059227963,145.41175418493413,128.8812811234663
1,Deaths,190,Uganda,3,Both,22,All ages,1029,Total cancers,1,Number,1998,13844.023672091811,16360.63407394534,11745.377793726035
1,Deaths,190,Uganda,3,Both,22,All ages,1029,Total cancers,2,Percent,1998,0.039624453187038965,0.046010823620053674,0.03442311552266699
1,Deaths,190,Uganda,3,Both,22,All ages,1029,Total cancers,3,Rate,1998,61.10550624524063,72.2134584034922,51.842388681699795
1,Deaths,190,Uganda,3,Both,27,Age-standardized,1029,Total cancers,3,Rate,1998,168.94068952577135,196.51688527458433,144.58612081977066
1,Deaths,190,Uganda,3,Both,22,All ages,1029,Total cancers,1,Number,2001,15139.045990611334,17979.588342113402,12764.991357025987
1,Deaths,190,Uganda,3,Both,22,All ages,1029,Total cancers,2,Percent,2001,0.043021554326665726,0.05065538008427711,0.03747329947989724
1,Deaths,190,Uganda,3,Both,22,All ages,1029,Total cancers,3,Rate,2001,60.36236503985597,71.68816816106138,50.896540541673446
1,Deaths,190,Uganda,3,Both,27,Age-standardized,1029,Total cancers,3,Rate,2001,172.95250684940333,202.2264221286262,148.19722984988158
1,Deaths,67,Japan,3,Both,22,All ages,1029,Total cancers,1,Number,1997,298628.9668755302,309475.4666477849,277097.12067605817
1,Deaths,67,Japan,3,Both,22,All ages,1029,Total cancers,2,Percent,1997,0.32819811531714244,0.34033308406636703,0.30427247846317995
1,Deaths,67,Japan,3,Both,22,All ages,1029,Total cancers,3,Rate,1997,232.8775225657163,241.33586477511474,216.08650911627757
1,Deaths,67,Japan,3,Both,27,Age-standardized,1029,Total cancers,3,Rate,1997,142.62498817299792,147.73834468676253,132.53911262521444
1,Deaths,102,United States of America,3,Both,22,All ages,1029,Total cancers,1,Number,2012,643652.1207500211,671784.2245631907,591252.9645177695
1,Deaths,102,United States of America,3,Both,22,All ages,1029,Total cancers,2,Percent,2012,0.253970328741693,0.26488880693453754,0.23331212570236934
1,Deaths,102,United States of America,3,Both,22,All ages,1029,Total cancers,3,Rate,2012,204.67823662121188,213.62410849096446,188.01556038306094
1,Deaths,102,United States of America,3,Both,27,Age-standardized,1029,Total cancers,3,Rate,2012,134.07204061534148,139.39486391194623,124.22226821041501
1,Deaths,102,United States of America,3,Both,22,All ages,1029,Total cancers,1,Number,2013,647852.6347625048,676130.7373341622,594352.1900123514
1,Deaths,102,United States of America,3,Both,22,All ages,1029,Total cancers,2,Percent,2013,0.25154584526385665,0.2623927049705409,0.23076844312898212
1,Deaths,102,United States of America,3,Both,22,All ages,1029,Total cancers,3,Rate,2013,204.38804360028516,213.30937192592833,187.50943471998391
1,Deaths,102,United States of America,3,Both,27,Age-standardized,1029,Total cancers,3,Rate,2013,131.63449631686748,136.8277903391259,121.73642504709122
1,Deaths,67,Japan,3,Both,22,All ages,1029,Total cancers,1,Number,1999,317553.62200230884,330002.7016252546,291993.2551207796
1,Deaths,67,Japan,3,Both,22,All ages,1029,Total cancers,2,Percent,1999,0.3282676642697271,0.3412449734667669,0.3023372300137123
1,Deaths,67,Japan,3,Both,22,All ages,1029,Total cancers,3,Rate,1999,246.62836887798034,256.29696022352897,226.7768819002361
1,Deaths,67,Japan,3,Both,27,Age-standardized,1029,Total cancers,3,Rate,1999,142.1682605478892,147.55485056835548,131.2272600433376
1,Deaths,67,Japan,3,Both,22,All ages,1029,Total cancers,1,Number,2001,327049.5662182151,341750.6097503339,298134.2175395322
1,Deaths,67,Japan,3,Both,22,All ages,1029,Total cancers,2,Percent,2001,0.3369285811043996,0.3518577211503422,0.3072804155963097
1,Deaths,67,Japan,3,Both,22,All ages,1029,Total cancers,3,Rate,2001,253.11618938857046,264.49389021206747,230.7374932263296
1,Deaths,67,Japan,3,Both,27,Age-standardized,1029,Total cancers,3,Rate,2001,137.19091038959883,142.95978743800495,125.95979599059723
1,Deaths,190,Uganda,3,Both,22,All ages,1029,Total cancers,1,Number,2003,15522.347500258682,18388.23218059098,13168.553339677926
1,Deaths,190,Uganda,3,Both,22,All ages,1029,Total cancers,2,Percent,2003,0.04504217306098971,0.052117872629256885,0.039152137707806525
1,Deaths,190,Uganda,3,Both,22,All ages,1029,Total cancers,3,Rate,2003,58.07378099271808,68.79591946263896,49.26752751970265
1,Deaths,190,Uganda,3,Both,27,Age-standardized,1029,Total cancers,3,Rate,2003,169.89311603522611,199.46756711276157,147.50155111858675
1,Deaths,102,United States of America,3,Both,22,All ages,1029,Total cancers,1,Number,2014,656571.5271777825,685600.8975819299,602417.8950034115
1,Deaths,102,United States of America,3,Both,22,All ages,1029,Total cancers,2,Percent,2014,0.25019908824034226,0.26108590597196135,0.22941821327882203
1,Deaths,102,United States of America,3,Both,22,All ages,1029,Total cancers,3,Rate,2014,205.54599939344203,214.6339215839318,188.59268663875704
1,Deaths,102,United States of America,3,Both,27,Age-standardized,1029,Total cancers,3,Rate,2014,130.36665192967308,135.55386082640814,120.64847601819281
1,Deaths,190,Uganda,3,Both,22,All ages,1029,Total cancers,1,Number,2000,14764.038973070394,17420.388063643968,12399.770415852863
1,Deaths,190,Uganda,3,Both,22,All ages,1029,Total cancers,2,Percent,2000,0.041701122952528716,0.049145504508364184,0.03607960080957485
1,Deaths,190,Uganda,3,Both,22,All ages,1029,Total cancers,3,Rate,2000,60.857561837986566,71.80706754829566,51.112015908114856
1,Deaths,190,Uganda,3,Both,27,Age-standardized,1029,Total cancers,3,Rate,2000,173.31396386721735,201.12283440218573,148.5401821933485
1,Deaths,67,Japan,3,Both,22,All ages,1029,Total cancers,1,Number,2003,339453.25263105385,356074.6841607868,307308.15364746127
1,Deaths,67,Japan,3,Both,22,All ages,1029,Total cancers,2,Percent,2003,0.33563987265005313,0.35184019343693335,0.30369564032660645
1,Deaths,67,Japan,3,Both,22,All ages,1029,Total cancers,3,Rate,2003,261.9698479268068,274.7972810311307,237.1621707958513
1,Deaths,67,Japan,3,Both,27,Age-standardized,1029,Total cancers,3,Rate,2003,132.96678922986843,138.82634847883915,121.66333261900408
1,Deaths,102,United States of America,3,Both,22,All ages,1029,Total cancers,1,Number,2015,660538.9303253618,690339.3379170954,604996.2671804238
1,Deaths,102,United States of America,3,Both,22,All ages,1029,Total cancers,2,Percent,2015,0.24584255540072483,0.2567743361010667,0.22522928191737102
1,Deaths,102,United States of America,3,Both,22,All ages,1029,Total cancers,3,Rate,2015,205.25755290131403,214.51780760685912,187.99808401106068
1,Deaths,102,United States of America,3,Both,27,Age-standardized,1029,Total cancers,3,Rate,2015,128.02514901305673,133.25480123660284,118.3249763688371
1,Deaths,67,Japan,3,Both,22,All ages,1029,Total cancers,1,Number,2004,349170.4797525879,366883.49444305216,314646.9060629126
1,Deaths,67,Japan,3,Both,22,All ages,1029,Total cancers,2,Percent,2004,0.33722693027752787,0.3540939114313606,0.30416747389136667
1,Deaths,67,Japan,3,Both,22,All ages,1029,Total cancers,3,Rate,2004,269.20658006555027,282.86311858750537,242.5892863836104
1,Deaths,67,Japan,3,Both,27,Age-standardized,1029,Total cancers,3,Rate,2004,132.62565266881012,138.5916011911915,121.0386842113983
1,Deaths,67,Japan,3,Both,22,All ages,1029,Total cancers,1,Number,2006,361910.78551521007,381593.07632224355,324482.98216521775
1,Deaths,67,Japan,3,Both,22,All ages,1029,Total cancers,2,Percent,2006,0.3333679379359521,0.3511337620722783,0.29874212976168607
1,Deaths,67,Japan,3,Both,22,All ages,1029,Total cancers,3,Rate,2006,278.6750922880591,293.8306621870944,249.85529202195173
1,Deaths,67,Japan,3,Both,27,Age-standardized,1029,Total cancers,3,Rate,2006,129.39770798089347,135.43844807455702,117.9009094436713
1,Deaths,102,United States of America,3,Both,22,All ages,1029,Total cancers,1,Number,2016,671257.5406323491,701694.9300671829,614510.730762713
1,Deaths,102,United States of America,3,Both,22,All ages,1029,Total cancers,2,Percent,2016,0.2437684895363845,0.25466916019767494,0.22322454818639903
1,Deaths,102,United States of America,3,Both,22,All ages,1029,Total cancers,3,Rate,2016,207.14086227268265,216.53342281944586,189.62957574538743
1,Deaths,102,United States of America,3,Both,27,Age-standardized,1029,Total cancers,3,Rate,2016,127.24824790393865,132.46067337809762,117.54920203114843
1,Deaths,190,Uganda,3,Both,22,All ages,1029,Total cancers,1,Number,2005,15986.363365463858,18844.463070894097,13673.196968794886
1,Deaths,190,Uganda,3,Both,22,All ages,1029,Total cancers,2,Percent,2005,0.049761857649134766,0.057098700781816746,0.044304962350690424
1,Deaths,190,Uganda,3,Both,22,All ages,1029,Total cancers,3,Rate,2005,56.32219145754098,66.39167600095773,48.17258308896123
1,Deaths,190,Uganda,3,Both,27,Age-standardized,1029,Total cancers,3,Rate,2005,165.61092570504323,194.21028763869458,144.17893972124196
1,Deaths,190,Uganda,3,Both,22,All ages,1029,Total cancers,1,Number,2007,16222.177316422698,19352.830841611132,13657.178099760598
1,Deaths,190,Uganda,3,Both,22,All ages,1029,Total cancers,2,Percent,2007,0.05287361198822695,0.060680984538642915,0.04720703916029394
1,Deaths,190,Uganda,3,Both,22,All ages,1029,Total cancers,3,Rate,2007,53.961268971661184,64.37503980122482,45.429084299861124
1,Deaths,190,Uganda,3,Both,27,Age-standardized,1029,Total cancers,3,Rate,2007,158.80982540252415,185.05228970675216,136.55454533820685
1,Deaths,102,United States of America,3,Both,22,All ages,1029,Total cancers,1,Number,2017,673623.9318740044,703616.7254291817,616417.4229277617
1,Deaths,102,United States of America,3,Both,22,All ages,1029,Total cancers,2,Percent,2017,0.24038579714080718,0.25104157145417644,0.21985820347018167
1,Deaths,102,United States of America,3,Both,22,All ages,1029,Total cancers,3,Rate,2017,206.53198903963633,215.72773018940987,188.99256753213103
1,Deaths,102,United States of America,3,Both,27,Age-standardized,1029,Total cancers,3,Rate,2017,124.62426055227343,129.68335969885536,115.08904238470697
1,Deaths,67,Japan,3,Both,22,All ages,1029,Total cancers,1,Number,2008,376396.72336824686,397743.40517466,335079.2365465687
1,Deaths,67,Japan,3,Both,22,All ages,1029,Total cancers,2,Percent,2008,0.33239521886418333,0.35116600155405997,0.2957683549920776
1,Deaths,67,Japan,3,Both,22,All ages,1029,Total cancers,3,Rate,2008,289.5627021964578,305.98474437440115,257.7770824254094
1,Deaths,67,Japan,3,Both,27,Age-standardized,1029,Total cancers,3,Rate,2008,126.36472528626503,132.33427687593257,114.88917495567505
1,Deaths,190,Uganda,3,Both,22,All ages,1029,Total cancers,1,Number,2004,15916.176569666604,18852.242334251365,13471.287088697212
1,Deaths,190,Uganda,3,Both,22,All ages,1029,Total cancers,2,Percent,2004,0.047478034029179786,0.05507969509569295,0.0418673209454963
1,Deaths,190,Uganda,3,Both,22,All ages,1029,Total cancers,3,Rate,2004,57.765224199353945,68.4212065838745,48.89188779266959
1,Deaths,190,Uganda,3,Both,27,Age-standardized,1029,Total cancers,3,Rate,2004,168.5209885515177,197.4499825933418,146.29864915956094
1,Deaths,102,United States of America,3,Both,22,All ages,1029,Total cancers,1,Number,2018,672660.746444314,704017.8872630704,614476.9493734764
1,Deaths,102,United States of America,3,Both,22,All ages,1029,Total cancers,2,Percent,2018,0.23816620946502307,0.2490698552931723,0.217475053361497
1,Deaths,102,United States of America,3,Both,22,All ages,1029,Total cancers,3,Rate,2018,204.9927369092132,214.5487964118122,187.26127886239135
1,Deaths,102,United States of America,3,Both,27,Age-standardized,1029,Total cancers,3,Rate,2018,121.33285711964736,126.45938829945224,111.88131939841209
1,Deaths,67,Japan,3,Both,22,All ages,1029,Total cancers,1,Number,2007,369201.85638559004,389109.9176814008,329439.54274255823
1,Deaths,67,Japan,3,Both,22,All ages,1029,Total cancers,2,Percent,2007,0.33341445366253253,0.35172526288662875,0.2977725187564545
1,Deaths,67,Japan,3,Both,22,All ages,1029,Total cancers,3,Rate,2007,284.134655998511,299.4557332088456,253.53391249393783
1,Deaths,67,Japan,3,Both,27,Age-standardized,1029,Total cancers,3,Rate,2007,127.80874221554731,133.57988844500193,116.0876732960764
1,Deaths,67,Japan,3,Both,22,All ages,1029,Total cancers,1,Number,2005,356892.5123164703,375079.74698524945,321313.3190410871
1,Deaths,67,Japan,3,Both,22,All ages,1029,Total cancers,2,Percent,2005,0.33322279352695794,0.35003987046925034,0.29985241325957523
1,Deaths,67,Japan,3,Both,22,All ages,1029,Total cancers,3,Rate,2005,274.9684225366614,288.980807371297,247.55637461623888
1,Deaths,67,Japan,3,Both,27,Age-standardized,1029,Total cancers,3,Rate,2005,131.4074617718197,137.25291100410558,120.08904596260987
1,Deaths,102,United States of America,3,Both,22,All ages,1029,Total cancers,1,Number,2019,677068.2475330861,709106.8901066124,617885.885883699
1,Deaths,102,United States of America,3,Both,22,All ages,1029,Total cancers,2,Percent,2019,0.2373043746894564,0.2484927067540398,0.21637769588615297
1,Deaths,102,United States of America,3,Both,22,All ages,1029,Total cancers,3,Rate,2019,205.17458669729666,214.883379381515,187.2403287618151
1,Deaths,102,United States of America,3,Both,27,Age-standardized,1029,Total cancers,3,Rate,2019,119.24335740605197,124.29488490181345,109.8694976876891
1,Deaths,190,Uganda,3,Both,22,All ages,1029,Total cancers,1,Number,2006,16104.173147196334,19224.00004540035,13702.788869632694
1,Deaths,190,Uganda,3,Both,22,All ages,1029,Total cancers,2,Percent,2006,0.0515924156423167,0.059219354094876483,0.045787713055239355
1,Deaths,190,Uganda,3,Both,22,All ages,1029,Total cancers,3,Rate,2006,55.111270695397494,65.78785887773687,46.8933176372163
1,Deaths,190,Uganda,3,Both,27,Age-standardized,1029,Total cancers,3,Rate,2006,162.61078929163182,190.37731616151052,141.6654272149773
1,Deaths,190,Uganda,3,Both,22,All ages,1029,Total cancers,1,Number,2008,16185.451773226869,19288.552572269364,13705.958043208755
1,Deaths,190,Uganda,3,Both,22,All ages,1029,Total cancers,2,Percent,2008,0.054206463913172395,0.062037556716473395,0.04798872802972748
1,Deaths,190,Uganda,3,Both,22,All ages,1029,Total cancers,3,Rate,2008,52.36414637403065,62.40348458535061,44.3423392331927
1,Deaths,190,Uganda,3,Both,27,Age-standardized,1029,Total cancers,3,Rate,2008,154.74929619583116,181.2688755945266,132.53358656333975
1,Deaths,102,United States of America,3,Both,22,All ages,1029,Total cancers,1,Number,2021,705053.136131103,739927.8924147468,643844.243657182
1,Deaths,102,United States of America,3,Both,22,All ages,1029,Total cancers,2,Percent,2021,0.20311119792199084,0.21269270549358169,0.1848657112295143
1,Deaths,102,United States of America,3,Both,22,All ages,1029,Total cancers,3,Rate,2021,211.95462945519097,222.43875563893022,193.55387714471493
1,Deaths,102,United States of America,3,Both,27,Age-standardized,1029,Total cancers,3,Rate,2021,119.26825319091563,124.77482342971014,109.8288211785173
1,Deaths,102,United States of America,3,Both,22,All ages,1029,Total cancers,1,Number,1996,580281.5744805923,598799.3899234098,541795.2636238377
1,Deaths,102,United States of America,3,Both,22,All ages,1029,Total cancers,2,Percent,1996,0.25146523068714854,0.2594312719029999,0.2351223428734333
1,Deaths,102,United States of America,3,Both,22,All ages,1029,Total cancers,3,Rate,1996,214.71023772813928,221.56202267321896,200.46990111099052
1,Deaths,102,United States of America,3,Both,27,Age-standardized,1029,Total cancers,3,Rate,1996,164.91220804014432,169.73666983543345,155.18570444169663
1,Deaths,67,Japan,3,Both,22,All ages,1029,Total cancers,1,Number,2011,403148.6300228171,427637.8535283833,354664.1874530388
1,Deaths,67,Japan,3,Both,22,All ages,1029,Total cancers,2,Percent,2011,0.3229775311187878,0.3424359367239587,0.28449750698158194
1,Deaths,67,Japan,3,Both,22,All ages,1029,Total cancers,3,Rate,2011,310.3582936634978,329.2109773992739,273.0332285520758
1,Deaths,67,Japan,3,Both,27,Age-standardized,1029,Total cancers,3,Rate,2011,124.66951844879254,130.68915762860524,112.70172747709815
1,Deaths,67,Japan,3,Both,22,All ages,1029,Total cancers,1,Number,2009,383925.3329038388,406193.15239440976,340129.7783382111
1,Deaths,67,Japan,3,Both,22,All ages,1029,Total cancers,2,Percent,2009,0.3326794796712193,0.3520480072934837,0.29472159777484724
1,Deaths,67,Japan,3,Both,22,All ages,1029,Total cancers,3,Rate,2009,295.31207923467366,312.4402953491075,261.62491360226016
1,Deaths,67,Japan,3,Both,27,Age-standardized,1029,Total cancers,3,Rate,2009,125.175421827085,131.1479325974399,113.44142526674395
1,Deaths,190,Uganda,3,Both,22,All ages,1029,Total cancers,1,Number,2010,16784.12573409375,19898.95995120785,14218.58921715782
1,Deaths,190,Uganda,3,Both,22,All ages,1029,Total cancers,2,Percent,2010,0.05828026325752594,0.06646055389350035,0.05119018230483302
1,Deaths,190,Uganda,3,Both,22,All ages,1029,Total cancers,3,Rate,2010,51.43739983843954,60.98326332840948,43.57493921865937
1,Deaths,190,Uganda,3,Both,27,Age-standardized,1029,Total cancers,3,Rate,2010,151.449895330075,174.42600123530693,130.02936429448584
1,Deaths,102,United States of America,3,Both,22,All ages,1029,Total cancers,1,Number,2002,604523.9651785147,624724.2885861637,561111.7455399337
1,Deaths,102,United States of America,3,Both,22,All ages,1029,Total cancers,2,Percent,2002,0.24872063468807595,0.2570994728577393,0.23078059457997538
1,Deaths,102,United States of America,3,Both,22,All ages,1029,Total cancers,3,Rate,2002,210.99337251608569,218.0437701962453,195.84146596222655
1,Deaths,102,United States of America,3,Both,27,Age-standardized,1029,Total cancers,3,Rate,2002,155.96319037483943,160.6074481785251,145.98298749991255
1,Deaths,190,Uganda,3,Both,22,All ages,1029,Total cancers,1,Number,2012,17611.451677203808,20473.18316361759,14733.537219564372
1,Deaths,190,Uganda,3,Both,22,All ages,1029,Total cancers,2,Percent,2012,0.06449858726082798,0.07289900389141733,0.0573006934137045
1,Deaths,190,Uganda,3,Both,22,All ages,1029,Total cancers,3,Rate,2012,51.18418772159962,59.501242118598235,42.82010073170141
1,Deaths,190,Uganda,3,Both,27,Age-standardized,1029,Total cancers,3,Rate,2012,148.77343914631024,171.53144712349584,126.28939337113168
1,Deaths,102,United States of America,3,Both,22,All ages,1029,Total cancers,1,Number,1993,567373.1389578424,585022.8850157498,532321.943324398
1,Deaths,102,United States of America,3,Both,22,All ages,1029,Total cancers,2,Percent,1993,0.2523592048823539,0.2601472582599164,0.2369865505026352
1,Deaths,102,United States of America,3,Both,22,All ages,1029,Total cancers,3,Rate,1993,216.2365513946348,222.96320085774326,202.87788291773697
1,Deaths,102,United States of America,3,Both,27,Age-standardized,1029,Total cancers,3,Rate,1993,168.93878775314394,173.7365432659896,159.48755874416705
1,Deaths,67,Japan,3,Both,22,All ages,1029,Total cancers,1,Number,2013,415132.42690833873,443216.76781799545,361503.474387189
1,Deaths,67,Japan,3,Both,22,All ages,1029,Total cancers,2,Percent,2013,0.32882443606750505,0.350710762112791,0.2862440771639131
1,Deaths,67,Japan,3,Both,22,All ages,1029,Total cancers,3,Rate,2013,320.2426499986577,341.9075529872168,278.8720492967828
1,Deaths,67,Japan,3,Both,27,Age-standardized,1029,Total cancers,3,Rate,2013,121.35512659244368,127.70005075505,108.81378021454701
1,Deaths,67,Japan,3,Both,22,All ages,1029,Total cancers,1,Number,2010,393474.6622209133,416706.1701078692,347445.01362060057
1,Deaths,67,Japan,3,Both,22,All ages,1029,Total cancers,2,Percent,2010,0.33015536631323367,0.3498242159930629,0.29158183401765286
1,Deaths,67,Japan,3,Both,22,All ages,1029,Total cancers,3,Rate,2010,302.70620271222464,320.57856454626636,267.29487517887526
1,Deaths,67,Japan,3,Both,27,Age-standardized,1029,Total cancers,3,Rate,2010,124.78869509681707,130.7539536086332,113.01123686863163
1,Deaths,190,Uganda,3,Both,22,All ages,1029,Total cancers,1,Number,2009,16423.38379869941,19643.908470203878,13944.7315171058
1,Deaths,190,Uganda,3,Both,22,All ages,1029,Total cancers,2,Percent,2009,0.05624971891309194,0.0638740438194233,0.05005477733257946
1,Deaths,190,Uganda,3,Both,22,All ages,1029,Total cancers,3,Rate,2009,51.70307581902177,61.841731367034434,43.899936806075196
1,Deaths,190,Uganda,3,Both,27,Age-standardized,1029,Total cancers,3,Rate,2009,152.72739400103242,179.00507652260708,131.5187815504774
1,Deaths,102,United States of America,3,Both,22,All ages,1029,Total cancers,1,Number,2020,686334.3130298806,718783.1594812867,623645.2236769327
1,Deaths,102,United States of America,3,Both,22,All ages,1029,Total cancers,2,Percent,2020,0.20442500606372344,0.21416132139745092,0.1857547354151371
1,Deaths,102,United States of America,3,Both,22,All ages,1029,Total cancers,3,Rate,2020,207.03853970372734,216.8270081757636,188.1278466659662
1,Deaths,102,United States of America,3,Both,27,Age-standardized,1029,Total cancers,3,Rate,2020,118.20950491854805,123.31998015812141,108.43970037605771
1,Deaths,190,Uganda,3,Both,22,All ages,1029,Total cancers,1,Number,2014,19210.46481723949,22480.392672895756,16077.270232712175
1,Deaths,190,Uganda,3,Both,22,All ages,1029,Total cancers,2,Percent,2014,0.07224913586520187,0.08093020312673409,0.06472202765530877
1,Deaths,190,Uganda,3,Both,22,All ages,1029,Total cancers,3,Rate,2014,52.96924235092588,61.98545318726469,44.3300477838324
1,Deaths,190,Uganda,3,Both,27,Age-standardized,1029,Total cancers,3,Rate,2014,149.86355447789953,175.48769127311596,126.74865453048871
1,Deaths,67,Japan,3,Both,22,All ages,1029,Total cancers,1,Number,2015,425347.0923140031,455884.02605629724,367516.9700449031
1,Deaths,67,Japan,3,Both,22,All ages,1029,Total cancers,2,Percent,2015,0.3305779869390159,0.35444518048496854,0.2853070260581319
1,Deaths,67,Japan,3,Both,22,All ages,1029,Total cancers,3,Rate,2015,328.90553820183317,352.5186457298572,284.18759412063883
1,Deaths,67,Japan,3,Both,27,Age-standardized,1029,Total cancers,3,Rate,2015,118.14800516516317,124.58012665858708,105.82186105795223
1,Deaths,67,Japan,3,Both,22,All ages,1029,Total cancers,1,Number,2012,408425.9930326677,434124.8247312546,357526.32355516654
1,Deaths,67,Japan,3,Both,22,All ages,1029,Total cancers,2,Percent,2012,0.32734234722508904,0.34803527639747994,0.28652805219718896
1,Deaths,67,Japan,3,Both,22,All ages,1029,Total cancers,3,Rate,2012,314.73006098244343,334.53339134253355,275.50715070758525
1,Deaths,67,Japan,3,Both,27,Age-standardized,1029,Total cancers,3,Rate,2012,122.71555468325175,128.80779951504263,110.5908841602031
1,Deaths,190,Uganda,3,Both,22,All ages,1029,Total cancers,1,Number,2011,17168.283611753523,20023.86777482307,14414.377615004316
1,Deaths,190,Uganda,3,Both,22,All ages,1029,Total cancers,2,Percent,2011,0.061235328067657024,0.06970166771050526,0.053614786914808726
1,Deaths,190,Uganda,3,Both,22,All ages,1029,Total cancers,3,Rate,2011,51.233949244141954,59.755642931268646,43.01568565697745
1,Deaths,190,Uganda,3,Both,27,Age-standardized,1029,Total cancers,3,Rate,2011,149.7351816801321,170.66552785532485,127.73551398108953
1,Deaths,190,Uganda,3,Both,22,All ages,1029,Total cancers,1,Number,2013,18436.00336837565,21513.10517206725,15410.747788514327
1,Deaths,190,Uganda,3,Both,22,All ages,1029,Total cancers,2,Percent,2013,0.06873193623301765,0.07705603408314314,0.061138967839089356
1,Deaths,190,Uganda,3,Both,22,All ages,1029,Total cancers,3,Rate,2013,52.18662689350913,60.89695095528792,43.62306346551871
1,Deaths,190,Uganda,3,Both,27,Age-standardized,1029,Total cancers,3,Rate,2013,149.33223668788423,173.18217016143075,125.89448461809958
1,Deaths,67,Japan,3,Both,22,All ages,1029,Total cancers,1,Number,2014,421106.5433277588,449858.03209014505,364804.69258967007
1,Deaths,67,Japan,3,Both,22,All ages,1029,Total cancers,2,Percent,2014,0.33065277736492316,0.3537165965800109,0.28649135052718094
1,Deaths,67,Japan,3,Both,22,All ages,1029,Total cancers,3,Rate,2014,325.23361795822433,347.43928267666115,281.7499559172848
1,Deaths,67,Japan,3,Both,27,Age-standardized,1029,Total cancers,3,Rate,2014,119.97251339017382,126.27632734757063,107.44988712896617
1,Deaths,190,Uganda,3,Both,22,All ages,1029,Total cancers,1,Number,2015,19829.38495212952,23541.054309206684,16354.16670474438
1,Deaths,190,Uganda,3,Both,22,All ages,1029,Total cancers,2,Percent,2015,0.0755843438349203,0.08478967419996712,0.06718000229761958
1,Deaths,190,Uganda,3,Both,22,All ages,1029,Total cancers,3,Rate,2015,53.260361253980584,63.229649322697604,43.92616456865782
1,Deaths,190,Uganda,3,Both,27,Age-standardized,1029,Total cancers,3,Rate,2015,150.31520611384613,176.84334042757203,126.57247553520821
1,Deaths,67,Japan,3,Both,22,All ages,1029,Total cancers,1,Number,2016,432839.38202385214,464506.0656364317,373429.8213176763
1,Deaths,67,Japan,3,Both,22,All ages,1029,Total cancers,2,Percent,2016,0.3300360561882664,0.35478877962969774,0.2836963721808326
1,Deaths,67,Japan,3,Both,22,All ages,1029,Total cancers,3,Rate,2016,335.13824714590174,359.6570808740651,289.13869889389315
1,Deaths,67,Japan,3,Both,27,Age-standardized,1029,Total cancers,3,Rate,2016,117.37352092070945,123.8231685338995,105.15401899854453
1,Deaths,67,Japan,3,Both,22,All ages,1029,Total cancers,1,Number,2018,440459.6102907789,474671.7053357988,374841.99130200036
1,Deaths,67,Japan,3,Both,22,All ages,1029,Total cancers,2,Percent,2018,0.32396284715894713,0.34958306944529394,0.2759872443912994
1,Deaths,67,Japan,3,Both,22,All ages,1029,Total cancers,3,Rate,2018,342.21316654762046,368.79410406390025,291.2318446492491
1,Deaths,67,Japan,3,Both,27,Age-standardized,1029,Total cancers,3,Rate,2018,112.99859198785892,119.39742560005463,100.33315490052559
1,Deaths,190,Uganda,3,Both,22,All ages,1029,Total cancers,1,Number,2017,21140.03585608275,25678.703998760167,17108.765727436392
1,Deaths,190,Uganda,3,Both,22,All ages,1029,Total cancers,2,Percent,2017,0.08187110376872526,0.09291066851664298,0.07244196329464497
1,Deaths,190,Uganda,3,Both,22,All ages,1029,Total cancers,3,Rate,2017,53.90984964383206,65.48404558279434,43.62958484255621
1,Deaths,190,Uganda,3,Both,27,Age-standardized,1029,Total cancers,3,Rate,2017,149.68114955101353,178.50149497162818,123.68905559840026
1,Deaths,190,Uganda,3,Both,22,All ages,1029,Total cancers,1,Number,2016,20764.557142231784,24972.824661963827,16947.78778002368
1,Deaths,190,Uganda,3,Both,22,All ages,1029,Total cancers,2,Percent,2016,0.07738649018497826,0.08694682080228075,0.06850980273654164
1,Deaths,190,Uganda,3,Both,22,All ages,1029,Total cancers,3,Rate,2016,54.339165432950665,65.35186093011329,44.350988927581064
1,Deaths,190,Uganda,3,Both,27,Age-standardized,1029,Total cancers,3,Rate,2016,151.1317040819438,178.47800883407177,126.08484256550214
1,Deaths,67,Japan,3,Both,22,All ages,1029,Total cancers,1,Number,2017,435336.67810118204,469077.41215565323,372379.5420551879
1,Deaths,67,Japan,3,Both,22,All ages,1029,Total cancers,2,Percent,2017,0.3267581675362767,0.3520725054583486,0.27952161959554084
1,Deaths,67,Japan,3,Both,22,All ages,1029,Total cancers,3,Rate,2017,337.59247967204817,363.75755752647245,288.77082797129736
1,Deaths,67,Japan,3,Both,27,Age-standardized,1029,Total cancers,3,Rate,2017,114.69914102909954,121.28755216226794,102.16377620056802
1,Deaths,67,Japan,3,Both,22,All ages,1029,Total cancers,1,Number,2019,446942.3840631898,482233.622461336,379553.7521131207
1,Deaths,67,Japan,3,Both,22,All ages,1029,Total cancers,2,Percent,2019,0.32342703073629164,0.3493381929184141,0.2746275110063941
1,Deaths,67,Japan,3,Both,22,All ages,1029,Total cancers,3,Rate,2019,348.0639960114913,375.54764916020724,295.58395080062456
1,Deaths,67,Japan,3,Both,27,Age-standardized,1029,Total cancers,3,Rate,2019,111.93015924887283,118.51753512736848,99.22679701386548
1,Deaths,67,Japan,3,Both,22,All ages,1029,Total cancers,1,Number,1996,293272.3675360351,303582.5175886703,272967.0842976011
1,Deaths,67,Japan,3,Both,22,All ages,1029,Total cancers,2,Percent,1996,0.3256004322905217,0.3371499673315365,0.303088904486041
1,Deaths,67,Japan,3,Both,22,All ages,1029,Total cancers,3,Rate,1996,229.23859368192385,237.29760148607843,213.36681342182234
1,Deaths,67,Japan,3,Both,27,Age-standardized,1029,Total cancers,3,Rate,1996,144.9470469079868,150.09191581375654,134.95445539580464
1,Deaths,190,Uganda,3,Both,22,All ages,1029,Total cancers,1,Number,2018,21781.976276333527,26909.560444168543,17437.663394152703
1,Deaths,190,Uganda,3,Both,22,All ages,1029,Total cancers,2,Percent,2018,0.08581481172556588,0.09818087104423572,0.07486356139037774
1,Deaths,190,Uganda,3,Both,22,All ages,1029,Total cancers,3,Rate,2018,54.13576596998896,66.87959109309944,43.338641663794576
1,Deaths,190,Uganda,3,Both,27,Age-standardized,1029,Total cancers,3,Rate,2018,149.67387538487748,181.7502846238228,121.73852456047562
1,Deaths,190,Uganda,3,Both,22,All ages,1029,Total cancers,1,Number,2021,24075.549965043752,30210.319264482747,18959.7665479933
1,Deaths,190,Uganda,3,Both,22,All ages,1029,Total cancers,2,Percent,2021,0.07310580352166446,0.08691571395114521,0.061358299109682275
1,Deaths,190,Uganda,3,Both,22,All ages,1029,Total cancers,3,Rate,2021,55.58240911288838,69.74554380803322,43.771772710717514
1,Deaths,190,Uganda,3,Both,27,Age-standardized,1029,Total cancers,3,Rate,2021,151.00897138380657,187.26078596400998,121.90494018636849
1,Deaths,190,Uganda,3,Both,22,All ages,1029,Total cancers,1,Number,2002,15377.764545624914,18331.427086497704,12978.483746945443
1,Deaths,190,Uganda,3,Both,22,All ages,1029,Total cancers,2,Percent,2002,0.04395877294847158,0.05167631609939479,0.038136548027888476
1,Deaths,190,Uganda,3,Both,22,All ages,1029,Total cancers,3,Rate,2002,59.36094316362562,70.76261300276767,50.099286782984045
1,Deaths,190,Uganda,3,Both,27,Age-standardized,1029,Total cancers,3,Rate,2002,172.31032770539804,202.09425462325657,148.4680858555216
1,Deaths,67,Japan,3,Both,22,All ages,1029,Total cancers,1,Number,1993,264317.350139978,272639.274564833,248680.5956729381
1,Deaths,67,Japan,3,Both,22,All ages,1029,Total cancers,2,Percent,1993,0.30356745152397313,0.312886216387804,0.285347624928207
1,Deaths,67,Japan,3,Both,22,All ages,1029,Total cancers,3,Rate,1993,208.20444572196166,214.75967813973278,195.8872754908877
1,Deaths,67,Japan,3,Both,27,Age-standardized,1029,Total cancers,3,Rate,1993,143.7258979009642,148.45678975540554,134.9383210164617
1,Deaths,190,Uganda,3,Both,22,All ages,1029,Total cancers,1,Number,2019,22506.244674466994,28092.970889775374,17910.63531927028
1,Deaths,190,Uganda,3,Both,22,All ages,1029,Total cancers,2,Percent,2019,0.0889847123015647,0.10154844584457327,0.07727924914771461
1,Deaths,190,Uganda,3,Both,22,All ages,1029,Total cancers,3,Rate,2019,54.53193735398745,68.06840282806556,43.39691749235341
1,Deaths,190,Uganda,3,Both,27,Age-standardized,1029,Total cancers,3,Rate,2019,149.9496735130308,184.10857019374208,121.66688641613867
1,Deaths,190,Uganda,3,Both,22,All ages,1029,Total cancers,1,Number,1996,12949.579805216035,15212.425752937868,10885.180609680618
1,Deaths,190,Uganda,3,Both,22,All ages,1029,Total cancers,2,Percent,1996,0.03810317902996565,0.04436416123306142,0.03282355459308354
1,Deaths,190,Uganda,3,Both,22,All ages,1029,Total cancers,3,Rate,1996,61.291614813978065,72.00188374141257,51.52061357546092
1,Deaths,190,Uganda,3,Both,27,Age-standardized,1029,Total cancers,3,Rate,1996,164.74895552727574,190.65153005142693,140.58505656364224
1,Deaths,67,Japan,3,Both,22,All ages,1029,Total cancers,1,Number,2002,331644.2037230379,347437.76606820966,300603.6283671962
1,Deaths,67,Japan,3,Both,22,All ages,1029,Total cancers,2,Percent,2002,0.3371221299544417,0.35280487472822764,0.3059609934961549
1,Deaths,67,Japan,3,Both,22,All ages,1029,Total cancers,3,Rate,2002,256.27133109747734,268.4754860307815,232.2853561424733
1,Deaths,67,Japan,3,Both,27,Age-standardized,1029,Total cancers,3,Rate,2002,134.29155116499155,140.20126206308774,122.87619274470056
1,Deaths,67,Japan,3,Both,22,All ages,1029,Total cancers,1,Number,2021,458052.96031208104,496076.1721995418,387229.0480710392
1,Deaths,67,Japan,3,Both,22,All ages,1029,Total cancers,2,Percent,2021,0.31865263351096085,0.34441825143241206,0.2693602418138185
1,Deaths,67,Japan,3,Both,22,All ages,1029,Total cancers,3,Rate,2021,358.701700341298,388.47771302589507,303.2394286241242
1,Deaths,67,Japan,3,Both,27,Age-standardized,1029,Total cancers,3,Rate,2021,110.37305135633328,116.89617064503902,97.82938957405062
1,Deaths,190,Uganda,3,Both,22,All ages,1029,Total cancers,1,Number,1993,11323.180640899429,13492.865545512883,9407.406239084548
1,Deaths,190,Uganda,3,Both,22,All ages,1029,Total cancers,2,Percent,1993,0.03557009073460204,0.04205083024363754,0.0301223748129113
1,Deaths,190,Uganda,3,Both,22,All ages,1029,Total cancers,3,Rate,1993,59.44814803210813,70.83927155853142,49.3900871526547
1,Deaths,190,Uganda,3,Both,27,Age-standardized,1029,Total cancers,3,Rate,1993,153.68226527279685,181.17487870528805,128.4843103634245
1,Deaths,67,Japan,3,Both,22,All ages,1029,Total cancers,1,Number,2020,442749.83018888347,479214.23500250117,374374.57609766704
1,Deaths,67,Japan,3,Both,22,All ages,1029,Total cancers,2,Percent,2020,0.32363338471825753,0.3504331495301634,0.27350642905905614
1,Deaths,67,Japan,3,Both,22,All ages,1029,Total cancers,3,Rate,2020,345.6898871476616,374.16053834937634,292.3039064903645
1,Deaths,67,Japan,3,Both,27,Age-standardized,1029,Total cancers,3,Rate,2020,109.23418827088582,115.65662097696868,97.0234234577618
1,Deaths,190,Uganda,3,Both,22,All ages,1029,Total cancers,1,Number,2020,23536.596923734218,29422.96797029291,18599.96932764655
1,Deaths,190,Uganda,3,Both,22,All ages,1029,Total cancers,2,Percent,2020,0.08496864395312168,0.09964201580001165,0.07234703999250677
1,Deaths,190,Uganda,3,Both,22,All ages,1029,Total cancers,3,Rate,2020,55.63733321064145,69.55191858507203,43.96781295712471
1,Deaths,190,Uganda,3,Both,27,Age-standardized,1029,Total cancers,3,Rate,2020,151.51748412314032,188.45790040148609,122.73127057176303
